OpeningTime,Open,High,Low,Close,Volume,CloseTime,RSI,MACD,MACDSIGNAL,MACDHIST,STOCHK,STOCHD
1662322200000,19878.26,19905.87,19872.56,19902.04,354.41202,1662322499999,nan,nan,nan,nan,nan,nan
1662322500000,19902.04,19932.38,19886.71,19890.58,620.0515,1662322799999,nan,nan,nan,nan,nan,nan
1662322800000,19890.58,19901.42,19881.2,19885.74,228.34457,1662323099999,nan,nan,nan,nan,nan,nan
1662323100000,19886.54,19898.39,19877.96,19896.31,267.52232,1662323399999,nan,nan,nan,nan,nan,nan
1662323400000,19896.98,19898.97,19884.75,19896.35,301.33393,1662323699999,nan,nan,nan,nan,nan,nan
1662323700000,19896.35,19917.44,19895.46,19910.93,400.30945,1662323999999,nan,nan,nan,nan,nan,nan
1662324000000,19910.93,19919.13,19894.01,19897.72,296.29339,1662324299999,nan,nan,nan,nan,nan,nan
1662324300000,19899.05,19912.66,19887.33,19890.44,321.10226,1662324599999,nan,nan,nan,nan,nan,nan
1662324600000,19889.39,19906.76,19889.3,19901.89,243.04119,1662324899999,nan,nan,nan,nan,42.72,46.16
1662324900000,19901.89,19907.6,19892.87,19901.81,268.3346,1662325199999,nan,nan,nan,nan,41.90,43.64
1662325200000,19900.84,19918.08,19880.0,19884.14,494.16982,1662325499999,nan,nan,nan,nan,35.32,39.98
1662325500000,19884.14,19884.31,19868.34,19882.43,312.80832,1662325799999,nan,nan,nan,nan,28.15,35.12
1662325800000,19883.56,19898.48,19874.0,19878.82,340.35015,1662326099999,nan,nan,nan,nan,19.99,27.82
1662326100000,19878.81,19894.5,19876.16,19883.06,176.83719,1662326399999,nan,nan,nan,nan,26.33,24.82
1662326400000,19883.06,19893.92,19877.95,19885.14,160.15218,1662326699999,41.78,nan,nan,nan,28.15,24.82
1662326700000,19884.46,19933.34,19880.11,19907.1,401.7396,1662326999999,52.67,nan,nan,nan,41.00,31.83
1662327000000,19906.45,19907.38,19883.09,19886.0,83.02311,1662327299999,44.13,nan,nan,nan,37.88,35.67
1662327300000,19885.99,19906.99,19884.72,19900.27,162.90907,1662327599999,50.03,nan,nan,nan,40.67,39.85
1662327600000,19900.97,19900.97,19865.71,19868.04,183.64325,1662327899999,39.81,nan,nan,nan,21.94,33.50
1662327900000,19868.04,19870.85,19853.22,19853.25,215.77952,1662328199999,36.15,nan,nan,nan,15.22,25.94
1662328200000,19853.78,19877.13,19830.0,19876.26,504.07183,1662328499999,44.66,nan,nan,nan,21.09,19.42
1662328500000,19876.99,19905.56,19854.71,19860.66,472.95941,1662328799999,40.70,nan,nan,nan,33.21,23.17
1662328800000,19860.66,19887.7,19846.6,19857.35,663.65062,1662329099999,39.89,nan,nan,nan,45.27,33.19
1662329100000,19856.45,19860.82,19824.69,19845.95,1035.16173,1662329399999,37.16,nan,nan,nan,34.10,37.53
1662329400000,19846.94,19858.17,19831.9,19836.37,623.17866,1662329699999,34.98,nan,nan,nan,25.64,35.00
1662329700000,19837.31,19844.84,19815.0,19836.81,782.43377,1662329999999,35.17,nan,nan,nan,21.61,27.12
1662330000000,19836.79,19859.28,19834.54,19849.69,642.30438,1662330299999,40.57,nan,nan,nan,28.75,25.33
1662330300000,19849.69,19857.68,19834.51,19853.63,522.29412,1662330599999,42.16,nan,nan,nan,52.04,34.13
1662330600000,19854.34,19872.39,19848.0,19864.16,628.23775,1662330899999,46.29,nan,nan,nan,72.56,51.12
1662330900000,19864.16,19879.59,19861.11,19872.53,500.64111,1662331199999,49.38,nan,nan,nan,86.35,70.31
1662331200000,19872.53,19875.22,19857.76,19865.15,533.36578,1662331499999,46.82,nan,nan,nan,80.90,79.94
1662331500000,19865.99,19866.79,19828.16,19835.2,445.87229,1662331799999,38.17,nan,nan,nan,56.91,74.72
1662331800000,19834.47,19849.55,19832.92,19838.76,366.70348,1662332099999,39.60,nan,nan,nan,34.09,57.30
1662332100000,19839.66,19843.29,19827.41,19833.72,381.52133,1662332399999,38.25,-13.62,-12.66,-0.96,15.46,35.49
1662332400000,19834.86,19851.0,19823.73,19847.4,518.5351,1662332699999,43.84,-13.09,-12.74,-0.35,26.22,25.26
1662332700000,19846.57,19863.43,19846.57,19853.02,447.74616,1662332999999,46.00,-12.08,-12.61,0.53,42.03,27.91
1662333000000,19853.02,19859.99,19843.01,19854.47,373.7948,1662333299999,46.57,-11.03,-12.29,1.26,63.81,44.02
1662333300000,19854.47,19859.72,19831.57,19846.77,555.51607,1662333599999,43.91,-10.70,-11.97,1.28,67.83,57.89
1662333600000,19846.58,19878.55,19845.25,19878.22,485.68962,1662333899999,55.16,-7.81,-11.14,3.33,78.29,69.97
1662333900000,19877.52,19949.13,19873.85,19923.25,1240.22087,1662334199999,65.76,-1.86,-9.28,7.42,78.47,74.86
1662334200000,19924.7,20005.91,19913.74,20002.07,2050.77551,1662334499999,76.31,9.11,-5.61,14.71,91.73,82.83
1662334500000,20002.45,20029.23,19964.79,19997.64,1484.69799,1662334799999,74.91,17.24,-1.04,18.28,86.60,85.60
1662334800000,19997.64,20021.01,19993.99,20001.2,1002.70035,1662335099999,75.30,23.70,3.91,19.79,88.86,89.06
1662335100000,20000.12,20011.21,19956.16,19960.0,819.97517,1662335399999,63.05,25.21,8.17,17.04,74.74,83.40
1662335400000,19960.0,19994.79,19935.22,19977.79,969.46382,1662335699999,65.65,27.52,12.04,15.48,65.22,76.28
1662335700000,19978.21,20006.98,19968.58,20000.3,827.9357,1662335999999,68.65,30.81,15.80,15.02,60.04,66.67
1662336000000,20000.3,20057.27,19993.16,20027.71,1678.21128,1662336299999,71.88,35.23,19.68,15.55,66.82,64.03
1662336300000,20028.65,20035.05,19935.56,19954.69,1736.99234,1662336599999,55.49,32.46,22.24,10.22,53.65,60.17
1662336600000,19955.01,19983.6,19953.8,19971.65,618.6028,1662336899999,57.89,31.28,24.05,7.23,40.53,53.67
1662336900000,19971.65,19973.07,19926.61,19929.79,1007.97276,1662337199999,50.63,26.65,24.57,2.09,16.08,36.75
1662337200000,19929.79,19942.95,19912.61,19915.65,1111.62683,1662337499999,48.42,21.60,23.97,-2.38,11.46,22.69
1662337500000,19916.54,19937.56,19906.01,19927.79,715.7592,1662337799999,50.42,18.36,22.85,-4.49,7.14,11.56
1662337800000,19926.44,19936.66,19905.02,19913.32,692.97236,1662338099999,48.03,14.46,21.17,-6.71,9.85,9.48
1662338100000,19912.36,19928.96,19905.83,19908.12,526.40848,1662338399999,47.17,10.83,19.10,-8.28,10.67,9.22
1662338400000,19908.12,19910.74,19878.02,19890.44,913.30589,1662338699999,44.25,6.44,16.57,-10.13,11.42,10.64
1662338700000,19891.37,19913.17,19888.68,19906.43,644.13966,1662338999999,47.42,4.21,14.10,-9.89,23.80,15.29
1662339000000,19906.43,19919.69,19895.27,19907.99,620.23164,1662339299999,47.73,2.54,11.79,-9.25,39.32,24.84
1662339300000,19907.84,19922.97,19905.57,19914.13,557.80444,1662339599999,49.01,1.69,9.77,-8.08,56.57,39.90
1662339600000,19914.13,19940.71,19911.35,19936.07,686.95194,1662339899999,53.42,2.76,8.37,-5.61,71.53,55.81
1662339900000,19936.07,19967.07,19933.73,19964.64,798.02631,1662340199999,58.45,5.84,7.86,-2.02,86.80,71.63
1662340200000,19964.62,19971.22,19946.45,19964.83,697.45123,1662340499999,58.48,8.20,7.93,0.27,93.70,84.01
1662340500000,19964.83,19968.82,19923.09,19927.12,913.12341,1662340799999,50.19,6.95,7.73,-0.78,73.77,84.75
1662340800000,19927.12,19934.0,19915.89,19922.7,659.06005,1662341099999,49.31,5.54,7.30,-1.75,47.79,71.75
1662341100000,19922.7,19922.82,19899.74,19909.75,682.40998,1662341399999,46.72,3.34,6.51,-3.16,21.93,47.83
1662341400000,19909.37,19915.0,19886.32,19904.14,743.46671,1662341699999,45.60,1.13,5.43,-4.30,17.98,29.23
1662341700000,19903.88,19908.44,19877.43,19884.93,718.46558,1662341999999,41.90,-2.15,3.92,-6.06,14.40,18.10
1662342000000,19884.93,19891.94,19863.16,19865.9,700.20891,1662342299999,38.56,-6.21,1.89,-8.10,11.02,14.47
1662342300000,19864.87,19885.82,19840.0,19843.78,937.29557,1662342599999,35.07,-11.08,-0.70,-10.38,5.55,10.32
1662342600000,19843.78,19861.22,19831.22,19835.07,831.4999,1662342899999,33.77,-15.47,-3.66,-11.81,4.34,6.97
1662342900000,19835.07,19843.38,19815.0,19839.57,877.29798,1662343199999,35.11,-18.37,-6.60,-11.77,11.82,7.24
1662343200000,19839.57,19856.67,19809.56,19824.17,1000.26041,1662343499999,32.68,-21.67,-9.61,-12.05,16.21,10.79
1662343500000,19824.17,19840.85,19817.6,19821.8,688.95208,1662343799999,32.31,-24.19,-12.53,-11.66,20.03,16.02
1662343800000,19822.56,19851.78,19820.7,19849.81,811.19494,1662344099999,40.85,-23.66,-14.75,-8.90,37.23,24.49
1662344100000,19849.81,19861.6,19840.51,19857.46,650.52565,1662344399999,42.96,-22.36,-16.28,-6.08,62.00,39.75
1662344400000,19858.16,19867.49,19829.0,19833.97,710.42146,1662344699999,38.42,-22.96,-17.61,-5.35,70.70,56.64
1662344700000,19833.12,19841.0,19820.09,19837.74,679.85572,1662344999999,39.52,-22.87,-18.66,-4.21,58.18,63.63
1662345000000,19838.56,19846.17,19830.0,19837.88,571.04924,1662345299999,39.57,-22.53,-19.44,-3.09,40.01,56.30
1662345300000,19837.88,19849.09,19825.8,19834.75,541.46614,1662345599999,38.89,-22.25,-20.00,-2.25,36.28,44.82
1662345600000,19834.75,19864.02,19833.01,19857.44,635.77367,1662345899999,46.05,-19.97,-19.99,0.02,49.09,41.79
1662345900000,19857.44,19861.98,19826.0,19830.04,685.64405,1662346199999,39.96,-20.14,-20.02,-0.12,44.13,43.16
1662346200000,19830.79,19865.17,19829.08,19853.8,670.83842,1662346499999,46.56,-18.15,-19.65,1.50,57.52,50.24
1662346500000,19853.8,19864.2,19849.78,19853.4,371.50377,1662346799999,46.46,-16.42,-19.00,2.58,54.62,52.09
1662346800000,19852.73,19858.11,19832.0,19851.04,551.11456,1662347099999,45.89,-15.06,-18.22,3.15,68.38,60.18
1662347100000,19851.04,19855.84,19821.48,19833.58,624.51284,1662347399999,41.74,-15.22,-17.62,2.40,53.91,58.97
1662347400000,19834.66,19836.57,19813.07,19824.24,571.34967,1662347699999,39.67,-15.91,-17.28,1.36,37.69,53.33
1662347700000,19825.03,19859.03,19824.2,19855.09,572.48633,1662347999999,48.70,-13.82,-16.58,2.77,43.77,45.12
1662348000000,19856.12,19875.6,19854.29,19863.64,743.40128,1662348299999,50.90,-11.33,-15.53,4.20,61.50,47.65
1662348300000,19863.64,19873.61,19860.66,19870.22,457.25954,1662348599999,52.58,-8.73,-14.17,5.44,84.82,63.36
1662348600000,19870.22,19890.22,19864.49,19872.42,725.5854,1662348899999,53.15,-6.42,-12.62,6.20,83.07,76.46
1662348900000,19872.0,19897.8,19871.65,19897.08,626.26777,1662349199999,59.16,-2.57,-10.61,8.04,89.12,85.67
1662349200000,19896.53,19901.03,19878.36,19889.82,742.86501,1662349499999,56.85,-0.10,-8.51,8.41,83.99,85.39
1662349500000,19890.04,19904.48,19889.51,19896.17,532.667,1662349799999,58.38,2.34,-6.34,8.68,85.36,86.15
1662349800000,19895.34,19906.38,19890.02,19892.01,774.41116,1662350099999,56.95,3.89,-4.30,8.19,74.25,81.20
1662350100000,19890.96,19896.09,19878.96,19884.91,593.56291,1662350399999,54.51,4.50,-2.54,7.03,61.64,73.75
1662350400000,19884.88,19913.09,19873.23,19895.68,875.52707,1662350699999,57.49,5.78,-0.87,6.65,53.40,63.10
1662350700000,19895.68,19896.69,19865.78,19881.41,689.00531,1662350999999,52.57,5.58,0.42,5.16,42.51,52.52
1662351000000,19881.04,19896.93,19880.01,19889.08,461.89009,1662351299999,54.81,5.98,1.53,4.45,46.20,47.37
1662351300000,19888.02,19889.27,19865.76,19868.63,504.43786,1662351599999,48.27,4.58,2.14,2.44,29.45,39.39
1662351600000,19867.83,19882.67,19862.55,19880.65,416.94669,1662351899999,51.90,4.40,2.59,1.81,30.38,35.34
1662351900000,19880.65,19888.74,19874.26,19878.69,483.96223,1662352199999,51.27,4.05,2.88,1.17,29.61,29.81
1662352200000,19878.0,19881.69,19861.03,19862.94,606.7268,1662352499999,46.38,2.47,2.80,-0.33,29.36,29.78
1662352500000,19862.94,19866.96,19837.09,19844.07,884.79925,1662352799999,41.30,-0.30,2.18,-2.48,21.88,26.95
1662352800000,19844.07,19853.59,19838.13,19845.05,579.37315,1662353099999,41.66,-2.39,1.27,-3.65,11.37,20.87
1662353100000,19845.05,19865.43,19843.51,19859.28,523.4893,1662353399999,46.73,-2.86,0.44,-3.30,23.92,19.06
1662353400000,19858.84,19876.91,19854.92,19870.06,437.90359,1662353699999,50.26,-2.34,-0.11,-2.22,44.10,26.46
1662353700000,19871.14,19903.31,19866.44,19886.99,827.63059,1662353999999,55.27,-0.55,-0.20,-0.35,64.08,44.03
1662354000000,19886.99,19888.78,19871.23,19875.37,564.99059,1662354299999,51.44,-0.07,-0.18,0.10,68.80,58.99
1662354300000,19876.25,19877.17,19761.0,19770.58,1749.49289,1662354599999,30.75,-8.06,-1.75,-6.31,46.41,59.76
1662354600000,19770.58,19810.0,19757.41,19802.93,1213.23786,1662354899999,38.92,-11.64,-3.73,-7.91,31.69,48.97
1662354900000,19802.29,19804.16,19774.38,19794.08,1140.80786,1662355199999,37.61,-15.02,-5.99,-9.03,21.02,33.04
1662355200000,19794.08,19795.76,19708.0,19737.52,1894.55746,1662355499999,30.55,-22.01,-9.19,-12.82,24.22,25.64
1662355500000,19738.76,19738.82,19704.18,19725.71,1208.35105,1662355799999,29.31,-28.18,-12.99,-15.19,17.97,21.07
1662355800000,19725.71,19741.4,19696.42,19701.88,1524.12049,1662356099999,26.94,-34.59,-17.31,-17.28,11.19,17.79
1662356100000,19701.88,19724.59,19681.22,19704.37,1189.94501,1662356399999,27.60,-39.02,-21.65,-17.37,12.03,13.73
1662356400000,19703.65,19722.99,19698.03,19708.02,808.22309,1662356699999,28.61,-41.75,-25.67,-16.08,15.68,12.97
1662356700000,19708.02,19716.3,19688.38,19708.88,776.87332,1662356999999,28.87,-43.35,-29.21,-14.14,29.40,19.03
1662357000000,19710.78,19737.59,19707.54,19733.29,834.98474,1662357299999,35.83,-42.16,-31.80,-10.36,51.96,32.35
1662357300000,19733.29,19734.38,19711.7,19726.04,480.58285,1662357599999,34.74,-41.33,-33.70,-7.63,70.67,50.67
1662357600000,19726.04,19742.79,19703.98,19741.25,772.65694,1662357899999,38.93,-38.99,-34.76,-4.23,87.73,70.12
1662357900000,19741.25,19759.1,19738.22,19748.13,1062.89351,1662358199999,40.79,-36.17,-35.04,-1.12,87.06,81.82
1662358200000,19749.01,19765.62,19745.84,19762.41,851.80811,1662358499999,44.54,-32.40,-34.52,2.11,92.15,88.98
1662358500000,19762.41,19768.39,19744.0,19764.36,678.40049,1662358799999,45.06,-28.93,-33.40,4.47,91.01,90.07
1662358800000,19764.36,19769.71,19757.86,19767.78,650.57679,1662359099999,46.00,-25.61,-31.84,6.23,95.20,92.79
1662359100000,19767.03,19768.39,19746.02,19760.04,666.27978,1662359399999,44.15,-23.33,-30.14,6.81,86.70,90.97
1662359400000,19760.04,19767.01,19738.38,19758.42,574.82984,1662359699999,43.76,-21.40,-28.39,6.99,76.77,86.22
1662359700000,19758.42,19767.03,19740.95,19743.28,602.72861,1662359999999,40.13,-20.86,-26.89,6.02,49.63,71.03
1662360000000,19744.02,19749.3,19725.06,19744.96,617.85943,1662360299999,40.72,-20.07,-25.52,5.46,41.39,55.93
1662360300000,19744.96,19782.4,19733.63,19777.68,679.05703,1662360599999,50.83,-16.60,-23.74,7.13,50.66,47.23
1662360600000,19777.68,19802.0,19769.0,19795.01,961.81613,1662360899999,55.19,-12.32,-21.45,9.14,75.75,55.93
1662360900000,19795.01,19796.09,19777.0,19787.2,686.15495,1662361199999,52.91,-9.44,-19.05,9.61,87.82,71.41
1662361200000,19786.75,19797.42,19775.85,19779.55,873.75047,1662361499999,50.70,-7.69,-16.78,9.09,80.83,81.47
1662361500000,19779.55,19780.91,19752.75,19766.58,710.54461,1662361799999,47.12,-7.27,-14.88,7.61,66.59,78.41
1662361800000,19765.63,19768.21,19750.77,19753.65,660.212,1662362099999,43.79,-7.89,-13.48,5.59,41.55,62.99
1662362100000,19753.65,19778.72,19737.0,19771.26,886.66633,1662362399999,49.06,-6.88,-12.16,5.28,36.84,48.33
1662362400000,19771.27,19776.87,19745.26,19752.12,670.56257,1662362699999,44.21,-7.53,-11.23,3.70,29.12,35.83
1662362700000,19752.72,19758.84,19706.41,19731.18,1094.3588,1662362999999,39.59,-9.63,-10.91,1.28,38.33,34.76
1662363000000,19730.0,19743.26,19718.53,19737.81,772.83255,1662363299999,41.67,-10.64,-10.86,0.22,33.90,33.78
1662363300000,19737.81,19744.0,19710.0,19722.71,633.34897,1662363599999,38.43,-12.51,-11.19,-1.32,33.07,35.10
1662363600000,19722.71,19745.0,19710.37,19737.38,597.89964,1662363899999,43.06,-12.66,-11.48,-1.18,36.64,34.54
1662363900000,19736.39,19752.05,19731.89,19743.32,651.16264,1662364199999,44.87,-12.16,-11.62,-0.54,45.63,38.45
1662364200000,19743.32,19748.51,19728.0,19746.66,583.90713,1662364499999,45.91,-11.37,-11.57,0.20,67.18,49.82
1662364500000,19747.81,19758.41,19744.69,19750.0,445.97361,1662364799999,46.99,-10.35,-11.32,0.98,80.07,64.29
1662364800000,19750.51,19758.22,19730.01,19748.74,752.15345,1662365099999,46.61,-9.53,-10.97,1.43,83.23,76.82
1662365100000,19748.0,19758.0,19721.78,19733.78,704.05512,1662365399999,42.27,-9.98,-10.77,0.79,65.09,76.13
1662365400000,19733.78,19742.42,19723.84,19724.83,533.02207,1662365699999,39.88,-10.93,-10.80,-0.13,40.32,62.88
1662365700000,19725.77,19737.42,19722.37,19726.75,468.77618,1662365999999,40.66,-11.39,-10.92,-0.47,18.22,41.21
1662366000000,19727.6,19781.95,19726.32,19759.7,968.54107,1662366299999,52.08,-9.00,-10.54,1.53,28.31,28.95
1662366300000,19759.7,19786.08,19747.1,19785.65,848.15039,1662366599999,58.81,-4.95,-9.42,4.47,58.64,35.05
1662366600000,19785.25,19789.26,19758.92,19767.94,616.18912,1662366899999,53.31,-3.14,-8.16,5.02,76.83,54.59
1662366900000,19767.91,19784.27,19766.25,19780.37,642.95862,1662367199999,56.39,-0.69,-6.67,5.98,84.72,73.40
1662367200000,19780.37,19790.35,19775.0,19779.02,566.04487,1662367499999,55.96,1.13,-5.11,6.24,79.05,80.20
1662367500000,19779.94,19782.97,19766.76,19772.12,451.00538,1662367799999,53.70,1.99,-3.69,5.68,75.62,79.80
1662367800000,19772.12,19792.76,19767.65,19772.0,513.0001,1662368099999,53.65,2.64,-2.42,5.06,59.60,71.42
1662368100000,19771.34,19785.69,19770.95,19781.65,332.98276,1662368399999,56.51,3.88,-1.16,5.04,51.53,62.25
1662368400000,19781.65,19804.5,19769.22,19788.57,1042.43271,1662368699999,58.48,5.36,0.14,5.22,51.51,54.21
1662368700000,19788.57,19793.63,19770.52,19775.06,588.04259,1662368999999,53.39,5.38,1.19,4.19,45.96,49.67
1662369000000,19774.81,19776.18,19750.01,19752.0,622.55418,1662369299999,46.02,3.50,1.65,1.85,27.81,41.76
1662369300000,19752.0,19771.22,19750.3,19765.52,456.21783,1662369599999,50.35,3.06,1.93,1.13,18.04,30.60
1662369600000,19765.56,19766.69,19735.45,19741.72,748.50821,1662369899999,43.70,0.79,1.70,-0.92,13.73,19.86
1662369900000,19742.23,19749.73,19729.0,19748.51,515.88129,1662370199999,45.90,-0.46,1.27,-1.73,22.58,18.12
1662370200000,19749.24,19751.22,19733.26,19743.24,464.49138,1662370499999,44.45,-1.86,0.65,-2.50,23.15,19.82
1662370500000,19743.23,19763.83,19739.37,19761.19,418.2607,1662370799999,50.21,-1.50,0.22,-1.71,45.54,30.42
1662370800000,19761.8,19779.93,19759.59,19765.9,617.3855,1662371099999,51.63,-0.82,0.01,-0.83,59.63,42.77
1662371100000,19764.79,19792.0,19763.26,19787.12,647.22094,1662371399999,57.50,1.41,0.29,1.12,80.32,61.83
1662371400000,19787.63,19805.47,19782.34,19783.33,863.19975,1662371699999,56.18,2.84,0.80,2.04,78.02,72.65
1662371700000,19784.18,19792.15,19765.84,19768.59,521.55048,1662371999999,51.29,2.75,1.19,1.56,68.60,75.64
1662372000000,19768.59,19781.6,19763.85,19767.69,575.94968,1662372299999,50.99,2.58,1.47,1.11,43.73,63.45
1662372300000,19766.77,19769.34,19753.91,19762.85,567.04175,1662372599999,49.36,2.03,1.58,0.45,26.40,46.24
1662372600000,19762.85,19783.08,19753.83,19777.95,681.24015,1662372899999,54.27,2.78,1.82,0.96,27.23,32.46
1662372900000,19777.23,19781.95,19756.95,19763.44,495.46638,1662373199999,49.32,2.18,1.89,0.29,29.71,27.78
1662373200000,19762.52,19787.68,19761.42,19778.11,608.04174,1662373499999,53.90,2.85,2.08,0.77,47.84,34.93
1662373500000,19778.74,19784.17,19756.81,19760.86,549.76261,1662373799999,48.37,1.97,2.06,-0.09,39.19,38.91
1662373800000,19761.46,19762.93,19728.11,19737.01,805.50399,1662374099999,41.96,-0.64,1.52,-2.16,35.81,40.95
1662374100000,19736.24,19748.57,19700.0,19707.52,1159.35305,1662374399999,35.66,-5.04,0.21,-5.25,14.76,29.92
1662374400000,19707.52,19719.21,19660.0,19682.91,1635.59876,1662374699999,31.42,-10.39,-1.91,-8.47,13.82,21.46
1662374700000,19680.81,19722.83,19655.0,19718.91,1320.97783,1662374999999,42.24,-11.59,-3.85,-7.74,25.33,17.97
1662375000000,19718.56,19732.99,19700.88,19714.06,1116.74966,1662375299999,41.29,-12.78,-5.63,-7.15,40.71,26.62
1662375300000,19714.57,19719.43,19683.29,19691.07,894.7807,1662375599999,37.06,-15.41,-7.59,-7.82,47.58,37.88
1662375600000,19691.07,19718.52,19685.01,19714.85,832.81995,1662375899999,43.51,-15.39,-9.15,-6.24,56.67,48.32
1662375900000,19714.85,19719.67,19702.59,19705.84,576.57395,1662376199999,41.76,-15.92,-10.50,-5.42,60.16,54.80
1662376200000,19706.8,19708.49,19682.45,19700.66,974.62577,1662376499999,40.75,-16.57,-11.72,-4.85,59.32,58.72
1662376500000,19701.3,19706.0,19633.83,19690.33,1551.41498,1662376799999,38.73,-17.71,-12.91,-4.80,55.68,58.39
1662376800000,19691.52,19707.55,19660.3,19662.27,927.57189,1662377099999,33.84,-20.64,-14.46,-6.18,44.99,53.33
1662377100000,19662.88,19666.92,19637.7,19664.78,722.8289,1662377399999,34.63,-22.50,-16.07,-6.43,45.00,48.56
1662377400000,19663.51,19696.52,19649.68,19692.71,825.67046,1662377699999,42.87,-21.48,-17.15,-4.33,49.35,46.45
1662377700000,19692.26,19709.4,19681.89,19698.43,735.69017,1662377999999,44.42,-19.97,-17.71,-2.26,66.80,53.72
1662378000000,19697.92,19712.76,19689.0,19710.46,648.11437,1662378299999,47.62,-17.61,-17.69,0.09,87.09,67.75
1662378300000,19710.46,19723.99,19700.27,19710.99,703.9436,1662378599999,47.77,-15.51,-17.26,1.75,89.12,81.00
1662378600000,19710.99,19718.35,19674.27,19676.14,751.91325,1662378899999,40.03,-16.47,-17.10,0.63,72.49,82.90
1662378900000,19676.14,19703.46,19662.64,19701.95,723.66891,1662379199999,46.89,-14.98,-16.67,1.70,61.54,74.38
1662379200000,19701.95,19715.0,19682.49,19705.85,841.56595,1662379499999,47.86,-13.32,-16.00,2.68,56.70,63.58
1662379500000,19705.38,19708.4,19667.02,19672.6,789.81695,1662379799999,40.98,-14.53,-15.71,1.18,50.25,56.16
1662379800000,19672.6,19696.62,19667.03,19682.7,988.00694,1662380099999,43.63,-14.50,-15.47,0.97,40.89,49.28
1662380100000,19682.35,19729.0,19677.0,19720.14,908.07213,1662380399999,52.20,-11.33,-14.64,3.31,46.30,45.81
1662380400000,19720.14,19724.03,19704.41,19718.0,796.92164,1662380699999,51.72,-8.89,-13.49,4.60,68.30,51.83
1662380700000,19717.01,19751.88,19716.96,19738.31,1105.72665,1662380999999,55.90,-5.25,-11.84,6.59,84.30,66.30
1662381000000,19738.31,19755.31,19712.17,19731.49,1101.76456,1662381299999,54.20,-2.88,-10.05,7.17,79.76,77.46
1662381300000,19730.77,19740.0,19719.55,19726.38,655.92672,1662381599999,52.91,-1.41,-8.32,6.91,73.36,79.14
1662381600000,19726.89,19739.49,19719.94,19726.37,738.29079,1662381899999,52.90,-0.23,-6.70,6.47,59.74,70.95
1662381900000,19726.37,19739.05,19718.34,19730.87,769.18525,1662382199999,54.03,1.05,-5.15,6.20,49.85,60.98
1662382200000,19731.56,19736.99,19723.05,19727.95,636.29804,1662382499999,53.14,1.81,-3.76,5.57,41.02,50.20
1662382500000,19728.88,19739.66,19722.03,19727.37,699.43781,1662382799999,52.95,2.33,-2.54,4.88,40.54,43.80
1662382800000,19726.45,19738.04,19724.74,19735.46,634.54995,1662383099999,55.30,3.37,-1.36,4.73,52.86,44.81
1662383100000,19734.5,19760.71,19733.47,19751.67,908.66767,1662383399999,59.64,5.43,-0.00,5.43,66.88,53.43
1662383400000,19751.62,19761.65,19742.88,19755.6,692.86109,1662383699999,60.64,7.30,1.46,5.84,81.23,66.99
1662383700000,19755.6,19779.5,19753.48,19762.66,932.65204,1662383999999,62.43,9.24,3.01,6.23,78.03,75.38
1662384000000,19762.4,19795.88,19758.39,19760.14,1024.15852,1662384299999,61.36,10.46,4.50,5.95,68.40,75.89
1662384300000,19760.41,19765.42,19725.64,19725.7,971.22554,1662384599999,48.94,8.54,5.31,3.23,40.18,62.20
1662384600000,19726.44,19750.89,19710.51,19747.5,958.02361,1662384899999,55.13,8.69,5.99,2.70,31.06,46.55
1662384900000,19747.5,19758.23,19727.08,19748.83,919.15757,1662385199999,55.48,8.81,6.55,2.26,29.43,33.56
1662385200000,19748.1,19754.48,19737.62,19748.05,566.91339,1662385499999,55.21,8.74,6.99,1.75,44.06,34.85
1662385500000,19749.11,19766.0,19738.31,19742.41,655.63536,1662385799999,53.15,8.13,7.22,0.92,48.78,40.76
1662385800000,19742.96,19746.06,19725.62,19738.58,552.65777,1662386099999,51.74,7.26,7.22,0.04,50.68,47.84
1662386100000,19738.58,19756.03,19736.69,19744.01,554.18832,1662386399999,53.62,6.93,7.17,-0.24,51.21,50.22
1662386400000,19743.22,19753.16,19725.65,19741.57,654.27991,1662386699999,52.63,6.39,7.01,-0.62,45.21,49.03
1662386700000,19740.69,19773.69,19740.39,19765.9,709.5485,1662386999999,60.47,7.84,7.18,0.67,56.28,50.90
1662387000000,19764.66,19798.78,19762.07,19786.77,1192.40108,1662387299999,65.72,10.56,7.85,2.70,68.96,56.82
1662387300000,19785.99,19799.65,19778.06,19786.87,720.25501,1662387599999,65.74,12.57,8.80,3.77,83.37,69.54
1662387600000,19786.5,19802.68,19765.0,19772.85,820.53969,1662387899999,59.59,12.88,9.61,3.27,75.86,76.06
1662387900000,19771.95,19799.57,19770.71,19783.8,787.32253,1662388199999,62.54,13.85,10.46,3.39,71.23,76.82
1662388200000,19783.8,19794.12,19770.0,19771.81,789.618,1662388499999,57.58,13.50,11.07,2.43,51.65,66.25
1662388500000,19771.33,19788.0,19770.0,19773.74,621.67902,1662388799999,58.15,13.23,11.50,1.73,38.96,53.95
1662388800000,19774.11,19785.88,19770.0,19777.43,547.98713,1662389099999,59.29,13.16,11.83,1.32,26.72,39.11
1662389100000,19776.6,19788.59,19771.84,19774.18,664.95978,1662389399999,57.80,12.69,12.00,0.69,23.44,29.71
1662389400000,19774.44,19780.8,19758.51,19776.11,703.30776,1662389699999,58.47,12.33,12.07,0.26,32.18,27.45
1662389700000,19776.49,19880.0,19770.03,19843.21,2066.48443,1662389999999,73.91,17.27,13.11,4.16,44.43,33.35
1662390000000,19843.81,19920.51,19839.97,19879.04,2357.95634,1662390299999,78.50,23.79,15.25,8.55,64.51,47.04
1662390300000,19878.04,19921.12,19856.98,19875.77,1953.45754,1662390599999,77.17,28.38,17.87,10.50,72.08,60.34
1662390600000,19875.77,19912.0,19874.8,19898.31,1502.06072,1662390899999,79.73,33.44,20.99,12.45,77.49,71.36
1662390900000,19899.47,19932.9,19880.0,19925.82,1463.21317,1662391199999,82.33,39.22,24.63,14.59,84.58,78.05
1662391200000,19925.82,19950.7,19905.3,19907.91,1396.11518,1662391499999,75.53,41.87,28.08,13.79,80.99,81.02
1662391500000,19907.91,19909.61,19859.66,19862.35,1439.04274,1662391799999,61.59,39.84,30.43,9.41,54.25,73.27
1662391800000,19863.29,19885.24,19843.6,19861.69,1007.29757,1662392099999,61.41,37.74,31.90,5.85,27.99,54.41
1662392100000,19861.69,19881.98,19859.3,19864.0,783.41108,1662392399999,61.82,35.85,32.69,3.17,13.89,32.04
1662392400000,19865.11,19875.0,19842.53,19848.59,972.68846,1662392699999,57.41,32.73,32.70,0.04,13.85,18.58
1662392700000,19848.59,19878.4,19844.86,19864.94,887.51839,1662392999999,60.62,31.22,32.40,-1.18,19.35,15.70
1662393000000,19864.94,19870.75,19840.61,19843.8,884.18527,1662393299999,54.86,27.99,31.52,-3.53,15.39,16.20
1662393300000,19844.91,19870.91,19832.3,19854.59,879.86185,1662393599999,57.10,26.01,30.42,-4.41,28.47,21.07
1662393600000,19854.59,19888.58,19854.42,19882.06,1053.52343,1662393899999,62.24,26.35,29.60,-3.26,46.81,30.22
1662393900000,19882.06,19893.95,19869.43,19891.73,906.21765,1662394199999,63.88,27.08,29.10,-2.02,76.56,50.61
1662394200000,19891.73,19908.37,19885.0,19905.09,906.29476,1662394499999,66.08,28.42,28.96,-0.55,93.50,72.29
1662394500000,19905.51,19912.4,19844.53,19848.54,1049.7344,1662394799999,51.75,24.63,28.10,-3.47,70.79,80.28
1662394800000,19847.68,19880.57,19822.36,19873.46,1052.12754,1662395099999,56.25,23.36,27.15,-3.78,57.57,73.95
1662395100000,19873.46,19888.77,19852.07,19853.31,881.60401,1662395399999,52.02,20.50,25.82,-5.32,37.13,55.16
1662395400000,19852.73,19874.48,19841.53,19845.45,844.18652,1662395699999,50.43,17.40,24.14,-6.74,38.92,44.54
1662395700000,19846.42,19863.12,19826.24,19833.0,921.2514,1662395999999,47.93,13.78,22.06,-8.29,23.94,33.33
1662396000000,19831.81,19839.72,19821.22,19830.94,696.75484,1662396299999,47.51,10.62,19.77,-9.16,17.28,26.72
1662396300000,19830.94,19861.22,19822.35,19840.59,1043.86928,1662396599999,49.73,8.79,17.58,-8.79,18.29,19.84
1662396600000,19840.61,19855.0,19829.03,19851.53,764.42599,1662396899999,52.20,8.13,15.69,-7.56,33.32,22.97
1662396900000,19851.84,19853.24,19831.0,19845.97,637.67595,1662397199999,50.84,7.08,13.97,-6.89,48.22,33.28
1662397200000,19845.97,19858.46,19835.37,19839.71,692.22113,1662397499999,49.27,5.67,12.31,-6.63,54.07,45.20
1662397500000,19840.0,19853.99,19836.33,19848.6,685.87832,1662397799999,51.55,5.22,10.89,-5.67,57.61,53.30
1662397800000,19848.37,19854.7,19837.42,19841.22,609.7033,1662398099999,49.56,4.21,9.55,-5.34,51.73,54.47
1662398100000,19841.22,19849.16,19811.23,19816.4,706.50507,1662398399999,43.48,1.40,7.92,-6.53,39.97,49.77
1662398400000,19816.52,19820.49,19790.78,19801.52,1013.71846,1662398699999,40.28,-2.01,5.94,-7.95,22.75,38.15
1662398700000,19800.7,19827.18,19799.63,19825.44,467.54316,1662398999999,47.02,-2.75,4.20,-6.95,27.01,29.91
1662399000000,19824.89,19828.88,19801.27,19822.16,670.36429,1662399299999,46.25,-3.56,2.65,-6.21,39.73,29.83
1662399300000,19821.26,19828.88,19816.25,19820.34,367.68631,1662399599999,45.80,-4.30,1.26,-5.56,51.32,39.35
1662399600000,19821.2,19837.8,19814.24,19835.8,550.90578,1662399899999,50.22,-3.60,0.29,-3.88,65.16,52.07
1662399900000,19836.42,19836.42,19808.55,19817.8,515.17653,1662400199999,45.56,-4.44,-0.66,-3.78,64.66,60.38
1662400200000,19817.81,19831.84,19816.29,19823.66,458.37215,1662400499999,47.27,-4.58,-1.44,-3.14,68.21,66.01
1662400500000,19823.62,19829.28,19806.9,19826.49,683.81634,1662400799999,48.12,-4.42,-2.04,-2.38,57.43,63.44
1662400800000,19826.49,19846.65,19821.44,19841.56,580.44875,1662401099999,52.51,-3.04,-2.24,-0.80,70.63,65.42
1662401100000,19841.56,19845.96,19822.85,19824.12,392.09128,1662401399999,47.50,-3.31,-2.45,-0.86,64.64,64.23
1662401400000,19823.01,19826.2,19731.45,19748.77,1568.87723,1662401699999,32.91,-9.50,-3.86,-5.64,48.52,61.26
1662401700000,19748.77,19773.51,19700.0,19706.59,2083.49082,1662401999999,27.77,-17.60,-6.61,-10.99,20.95,44.70
1662402000000,19706.27,19727.82,19692.0,19708.51,1260.48888,1662402299999,28.31,-23.60,-10.01,-13.59,10.07,26.51
1662402300000,19708.51,19718.23,19681.22,19691.41,914.43076,1662402599999,26.39,-29.39,-13.88,-15.51,7.12,12.71
1662402600000,19690.36,19708.7,19670.14,19701.07,1236.85422,1662402899999,29.31,-32.82,-17.67,-15.15,12.23,9.80
1662402900000,19701.5,19720.72,19680.22,19698.63,992.20441,1662403199999,29.00,-35.33,-21.20,-14.13,17.86,12.40
1662403200000,19698.63,19712.16,19689.58,19702.43,719.8124,1662403499999,30.25,-36.59,-24.28,-12.31,34.45,21.51
1662403500000,19702.43,19733.95,19701.08,19721.28,856.86115,1662403799999,36.25,-35.66,-26.56,-9.10,54.56,35.62
1662403800000,19721.28,19731.22,19708.31,19723.15,679.29899,1662404099999,36.83,-34.37,-28.12,-6.25,73.07,54.03
1662404100000,19722.57,19745.0,19712.26,19741.39,852.48099,1662404399999,42.34,-31.52,-28.80,-2.72,85.88,71.17
1662404400000,19741.78,19754.37,19731.71,19742.51,778.87918,1662404699999,42.67,-28.83,-28.81,-0.03,86.40,81.78
1662404700000,19742.52,19746.64,19725.34,19741.96,634.32366,1662404999999,42.54,-26.45,-28.33,1.89,84.28,85.52
1662405000000,19740.85,19743.12,19730.51,19738.62,557.98645,1662405299999,41.71,-24.54,-27.58,3.04,74.74,81.80
1662405300000,19739.18,19747.19,19732.29,19742.01,490.3687,1662405599999,42.92,-22.50,-26.56,4.06,71.06,76.69
1662405600000,19741.23,19770.72,19732.24,19755.52,817.74145,1662405899999,47.59,-19.56,-25.16,5.60,67.65,71.15
1662405900000,19755.52,19778.0,19749.12,19752.9,585.48956,1662406199999,46.80,-17.25,-23.58,6.33,63.16,67.29
1662406200000,19752.56,19755.57,19741.31,19748.06,518.49918,1662406499999,45.28,-15.62,-21.99,6.36,51.93,60.92
1662406500000,19748.07,19753.92,19735.33,19736.82,520.6061,1662406799999,41.89,-15.07,-20.60,5.53,33.10,49.40
1662406800000,19738.0,19745.89,19721.41,19724.88,696.24949,1662407099999,38.59,-15.42,-19.57,4.15,17.70,34.24
1662407100000,19724.88,19746.49,19723.76,19737.77,479.14617,1662407399999,43.75,-14.49,-18.55,4.06,15.02,21.94
1662407400000,19738.56,19739.62,19728.0,19731.57,392.88847,1662407699999,41.92,-14.09,-17.66,3.57,21.59,18.10
1662407700000,19731.99,19742.32,19692.0,19708.64,988.15536,1662407999999,35.95,-15.44,-17.21,1.77,28.51,21.71
1662408000000,19708.64,19731.95,19697.1,19728.62,703.23044,1662408299999,43.50,-14.73,-16.72,1.99,41.27,30.46
1662408300000,19727.84,19758.25,19727.64,19748.09,848.72362,1662408599999,49.72,-12.46,-15.87,3.41,59.58,43.12
1662408600000,19747.03,19748.53,19731.36,19736.19,504.07278,1662408899999,46.36,-11.48,-14.99,3.51,72.86,57.90
1662408900000,19735.13,19766.7,19735.01,19760.15,738.47971,1662409199999,53.22,-8.67,-13.73,5.05,80.87,71.10
1662409200000,19760.15,19762.61,19741.0,19745.98,544.53047,1662409499999,49.21,-7.51,-12.48,4.98,76.05,76.59
1662409500000,19745.98,19790.52,19745.89,19775.75,986.52573,1662409799999,56.60,-4.13,-10.81,6.68,79.32,78.75
1662409800000,19775.75,19794.99,19767.0,19775.66,699.54981,1662410099999,56.57,-1.45,-8.94,7.49,72.12,75.83
1662410100000,19776.63,19784.56,19753.6,19769.45,510.21553,1662410399999,54.65,0.18,-7.12,7.29,67.85,73.10
1662410400000,19769.44,19783.74,19759.3,19771.62,634.4006,1662410699999,55.22,1.62,-5.37,6.99,61.25,67.07
1662410700000,19771.61,19776.02,19754.06,19762.72,535.38423,1662410999999,52.31,2.02,-3.89,5.91,49.47,59.52
1662411000000,19762.72,19769.93,19752.6,19753.17,420.57478,1662411299999,49.30,1.55,-2.80,4.35,30.78,47.17
1662411300000,19753.18,19757.0,19739.31,19739.7,510.35432,1662411599999,45.33,0.09,-2.22,2.32,12.16,30.80
1662411600000,19740.62,19762.82,19739.42,19758.12,454.38843,1662411899999,51.12,0.42,-1.69,2.11,14.85,19.26
1662411900000,19758.12,19769.74,19748.68,19769.37,441.41339,1662412199999,54.30,1.56,-1.04,2.61,41.69,22.90
1662412200000,19769.16,19800.0,19762.74,19774.1,713.03765,1662412499999,55.61,2.82,-0.27,3.09,60.52,39.02
1662412500000,19774.1,19775.28,19756.39,19759.17,332.06619,1662412799999,50.68,2.58,0.30,2.28,57.31,53.17
1662412800000,19759.59,19759.93,19725.0,19752.7,601.30738,1662413099999,48.66,1.85,0.61,1.24,42.33,53.38
1662413100000,19752.7,19755.82,19720.0,19734.86,413.02415,1662413399999,43.53,-0.16,0.46,-0.62,29.41,43.02
1662413400000,19734.86,19737.93,19700.0,19722.65,401.04148,1662413699999,40.39,-2.72,-0.18,-2.54,26.05,32.60
1662413700000,19722.65,19740.0,19721.16,19737.83,234.83373,1662413999999,45.64,-3.48,-0.84,-2.64,30.49,28.65
1662414000000,19737.82,19754.99,19728.73,19741.22,329.97461,1662414299999,46.77,-3.76,-1.42,-2.34,47.23,34.59
1662414300000,19741.22,19741.48,19724.22,19727.71,180.61436,1662414599999,42.94,-5.02,-2.14,-2.88,56.22,44.65
1662414600000,19727.71,19744.3,19727.0,19742.61,322.39725,1662414899999,47.99,-4.76,-2.66,-2.09,65.30,56.25
1662414900000,19742.61,19755.99,19737.11,19750.01,381.25685,1662415199999,50.35,-3.91,-2.91,-0.99,69.99,63.84
1662415200000,19750.01,19753.99,19725.67,19736.66,660.0768,1662415499999,46.28,-4.26,-3.18,-1.08,66.49,67.26
1662415500000,19736.66,19741.72,19723.7,19733.92,451.03007,1662415799999,45.47,-4.71,-3.49,-1.22,51.21,62.56
1662415800000,19733.74,19755.99,19726.69,19749.49,584.00114,1662416099999,50.75,-3.77,-3.54,-0.22,50.23,55.98
1662416100000,19750.25,19766.48,19747.09,19762.79,534.5906,1662416399999,54.78,-1.92,-3.22,1.30,67.63,56.36
1662416400000,19762.06,19775.41,19758.22,19768.83,497.74227,1662416699999,56.52,0.03,-2.57,2.60,86.17,68.01
1662416700000,19769.53,19784.48,19754.69,19759.19,800.47636,1662416999999,53.02,0.78,-1.90,2.68,79.01,77.61
1662417000000,19759.19,19786.0,19756.67,19783.6,596.61295,1662417299999,59.82,3.31,-0.86,4.17,80.54,81.91
1662417300000,19784.14,19797.0,19766.64,19786.4,696.66995,1662417599999,60.52,5.48,0.41,5.07,77.70,79.09
1662417600000,19786.4,19790.01,19759.12,19767.57,704.70108,1662417899999,53.69,5.62,1.45,4.17,68.39,75.54
1662417900000,19767.54,19774.42,19756.6,19764.55,704.28291,1662418199999,52.67,5.42,2.25,3.17,44.17,63.42
1662418200000,19764.55,19812.88,19763.01,19804.62,743.68183,1662418499999,62.82,8.40,3.48,4.92,46.36,52.97
1662418500000,19804.62,19820.77,19782.2,19804.57,1198.97577,1662418799999,62.80,10.63,4.91,5.72,61.13,50.55
1662418800000,19805.95,19817.23,19771.74,19779.14,699.12951,1662419099999,54.24,10.23,5.97,4.26,65.07,57.52
1662419100000,19779.14,19788.29,19755.04,19768.62,605.81155,1662419399999,51.13,8.96,6.57,2.39,43.51,56.57
1662419400000,19768.62,19772.35,19752.88,19759.34,545.17002,1662419699999,48.50,7.13,6.68,0.44,21.77,43.45
1662419700000,19758.53,19781.22,19758.3,19778.24,470.06095,1662419999999,53.73,7.11,6.77,0.35,22.51,29.26
1662420000000,19777.57,19783.58,19758.57,19769.0,574.94475,1662420299999,51.00,6.29,6.67,-0.39,23.97,22.75
1662420300000,19769.0,19773.04,19753.12,19763.06,540.29297,1662420599999,49.27,5.09,6.36,-1.26,30.38,25.62
1662420600000,19763.06,19775.33,19759.92,19764.69,563.2531,1662420899999,49.77,4.23,5.93,-1.70,30.76,28.37
1662420900000,19764.69,19817.99,19764.4,19811.75,778.16814,1662421199999,61.63,7.26,6.20,1.06,52.53,37.89
1662421200000,19811.75,19870.8,19810.0,19822.76,2083.43694,1662421499999,63.79,10.43,7.04,3.38,62.68,48.65
1662421500000,19822.76,19856.59,19822.66,19834.14,1260.72456,1662421799999,65.92,13.70,8.37,5.33,72.80,62.67
1662421800000,19833.15,19886.53,19861.4,19870.31,920.12629,1662422099999,71.63,18.99,10.50,8.49,71.74,69.07
1662452100000,19870.31,19902.44,19861.4,19898.83,780.63003,1662452399999,75.16,25.20,13.44,11.76,84.47,76.34
1662452400000,19898.05,19907.1,19883.16,19890.78,982.35033,1662452699999,72.42,29.13,16.57,12.55,89.26,81.82
1662452700000,19890.78,19912.0,19887.46,19908.32,374.69115,1662452999999,74.60,33.28,19.92,13.36,92.15,88.63
